{"train/learning_rate":2.004066745256734e-06,"train/steps_per_sec":0.30836494668496295,"_runtime":2274.392645829,"_wandb":{"runtime":2274},"train/epoch":2.969827586206897,"_timestamp":1.776624901231438e+09,"_step":690,"train/loss":74.19905569553376}