{"rlvr/pass_rate":0.5291666666666667,"rlvr/rollouts_total":240,"_timestamp":1.7766429804170408e+09,"_step":19,"rlvr/loss":195.26561081409454,"_wandb":{"runtime":36854},"_runtime":36854.903181231,"rlvr/mean_reward":0.6629166666666666}