{"_wandb":{"runtime":14891},"_runtime":14891.899234356,"rlvr/pass_rate":0.5125,"rlvr/rollouts_total":240,"_timestamp":1.7765490792670271e+09,"_step":9,"rlvr/loss":271.18830585479736,"rlvr/mean_reward":0.5125}