{
  "total_groups": 300,
  "mean_reward": 0.5633333333333334,
  "final_reward": 0.875,
  "reward_improvement": 0.75,
  "mean_pass_rate": 0.5633333333333334,
  "final_pass_rate": 0.875,
  "total_time_s": 14873.105232000351,
  "total_iterations": 10,
  "model": "Qwen3-8B-Base",
  "sft_checkpoint": "tinker://b5c7e66e-618a-5f71-919e-da1db6844679:train:0/weights/checkpoint-step-600"
}